<?xml version="1.0" encoding="utf-8"?>
<metadata>
    <name>Artkick</name>
    <version>1.9.5</version>
    <identifier>com.artkick.artkick</identifier>
    <author name="Leon Zhu" organization="Artkick" href="http://artkick.com" />
    <copyright>Artkick</copyright>
    <description>Art for free on your TV</description>
    <platform minVersion="4.6.1" />
    <security>
		<filesystem>full</filesystem>
		<command>true</command>
        <http>all</http>
    </security>
    <image usage="1920x1080.logo" src="Images/1920x1080/logo.png"/>
    <image usage="960x540.logo" src="Images/960x540/logo.png"/>
    <image usage="960x540.icon" src="Images/960x540/icon.png"/>
    <image usage="960x540.loading" src="Images/960x540/loading.png"/>
    <image usage="960x540.snippet.snippet-main" src="Images/960x540/loading.png"/>
</metadata>
